{"cameraMode":{"drawMode":0,"name":"Shaded","section":"Shading Mode"},"sceneLighting":true,"audioPlay":false,"sceneViewState":{"showFog":true,"showMaterialUpdate":false,"showSkybox":true,"showFlares":true,"showImageEffects":true,"showParticleSystems":true},"in2DMode":false,"pivot":{"x":0.12370657920837403,"y":3.0427634716033937,"z":0.2791905403137207},"rotation":{"x":0.07321155816316605,"y":-0.5410971641540527,"z":0.04736964404582977,"w":0.8364436030387878},"size":1.2247449159622193,"orthographic":false}